URL,Version,Status,OIDs,Name,Title,Description,Used
http://hl7.no/fhir/CodeSystem/no-basis-connection-type,3.0.0-alpha,active,,NoBasisConnectionType,no-basis-connection-type.codesystem,"Codes to describe Norwegian message based communication protocols.","ValueSet/no-basis-connection-type.valueset"
http://hl7.no/fhir/CodeSystem/no-basis-family-relation,3.0.0-alpha,active,,NoBasisFamilyRelation,no-basis-family-relation.codesystem,"Copy of Codes from Familierelasjon defined by Skatteetaten","ValueSet/no-basis-family-relation.valueset"
http://hl7.no/fhir/CodeSystem/no-basis-location-type,3.0.0-alpha,draft,,NoBasisLocationType,no-basis-location-type.codesystem,"Additional codes for location.type used by no-basis-Location","ValueSet/no-basis-location-type.valueset"
http://hl7.no/fhir/CodeSystem/no-basis-marital-status,3.0.0-alpha,active,,NoBasisMaritalStatus,no-basis-marital-status.codesystem,"Copy of Codes from Sivilstandstype defined by Skatteetaten","ValueSet/no-basis-marital-status.valueset"
http://hl7.no/fhir/CodeSystem/no-basis-parental-responsibility,3.0.0-alpha,active,,NoBasisParentalResponsibility,no-basis-parental-responsibility.codesystem,"Copy of Codes from Foreldreansvar defined by Skatteetaten","ValueSet/no-basis-parental-responsibility.valueset"
http://hl7.org/fhir/CodeSystem/medication-ingredientstrength,5.0.0,active,"2.16.840.1.113883.4.642.4.2062",MedicationIngredientStrengthCodes,Medication Ingredient Strength Codes,"Medication Ingredient Strength Codes","ValueSet/medication-ingredientstrength"
http://hl7.org/fhir/CodeSystem/medication-statement-adherence,5.0.0,active,"2.16.840.1.113883.4.642.4.1981",MedicationStatementAdherenceCodes,MedicationStatement Adherence Codes,"MedicationStatement Adherence Codes","ValueSet/medication-statement-adherence"
http://hl7.org/fhir/CodeSystem/medication-statement-status,5.0.0,active,"2.16.840.1.113883.4.642.4.1980",MedicationStatementStatusCodes,MedicationStatement Status Codes,"MedicationStatement Status Codes","ValueSet/medication-statement-status"
http://hl7.org/fhir/CodeSystem/medication-status,5.0.0,active,"2.16.840.1.113883.4.642.4.1380",MedicationStatusCodes,Medication Status Codes,"Medication Status Codes","ValueSet/medication-status"
http://hl7.org/fhir/address-type,5.0.0,active,"2.16.840.1.113883.4.642.1.70",AddressType,AddressType,"The type of an address (physical / postal).","ValueSet/address-type"
http://hl7.org/fhir/address-use,5.0.0,active,"2.16.840.1.113883.4.642.1.68",AddressUse,AddressUse,"The use of an address.","ValueSet/address-use"
http://hl7.org/fhir/administrative-gender,5.0.0,active,"2.16.840.1.113883.4.642.4.2",AdministrativeGender,AdministrativeGender,"The gender of a person used for administrative purposes.","ValueSet/administrative-gender"
http://hl7.org/fhir/allergy-intolerance-category,5.0.0,active,"2.16.840.1.113883.4.642.2.53,2.16.840.1.113883.4.642.4.134,2.16.840.1.113883.4.642.1.124",AllergyIntoleranceCategory,Allergy Intolerance Category,"Category of an identified substance associated with allergies or intolerances.","ValueSet/allergy-intolerance-category"
http://hl7.org/fhir/allergy-intolerance-criticality,5.0.0,active,"2.16.840.1.113883.4.642.1.120,2.16.840.1.113883.4.642.4.130,2.16.840.1.113883.4.642.2.51",AllergyIntoleranceCriticality,Allergy Intolerance Criticality,"Estimate of the potential clinical harm, or seriousness, of a reaction to an identified substance.","ValueSet/allergy-intolerance-criticality"
http://hl7.org/fhir/allergy-intolerance-type,5.0.0,active,"2.16.840.1.113883.4.642.4.132,2.16.840.1.113883.4.642.1.122,2.16.840.1.113883.4.642.2.52",AllergyIntoleranceType,Allergy Intolerance Type,"Identification of the underlying physiological mechanism for a Reaction Risk.","ValueSet/allergy-intolerance-type"
http://hl7.org/fhir/appointmentstatus,5.0.0,active,"2.16.840.1.113883.4.642.4.485,2.16.840.1.113883.4.642.1.478,2.16.840.1.113883.4.642.2.284",AppointmentStatus,Appointment Status,"The free/busy status of an appointment.","ValueSet/appointmentresponse-status,ValueSet/appointmentstatus"
http://hl7.org/fhir/composition-attestation-mode,5.0.0,active,"2.16.840.1.113883.4.642.1.234,2.16.840.1.113883.4.642.4.239,2.16.840.1.113883.4.642.2.120",CompositionAttestationMode,Composition Attestation Mode,"The way in which a person authenticated a composition.","ValueSet/composition-attestation-mode"
http://hl7.org/fhir/composition-status,5.0.0,active,"2.16.840.1.113883.4.642.4.242,2.16.840.1.113883.4.642.2.123,2.16.840.1.113883.4.642.1.237",CompositionStatus,Composition Status,"The workflow/clinical status of the composition.","ValueSet/composition-status"
http://hl7.org/fhir/days-of-week,5.0.0,active,"2.16.840.1.113883.4.642.4.513,2.16.840.1.113883.4.642.2.302,2.16.840.1.113883.4.642.1.507",DaysOfWeek,Days Of Week,"The days of the week.","ValueSet/days-of-week"
http://hl7.org/fhir/document-reference-status,5.0.0,draft,"2.16.840.1.113883.4.642.4.8",DocumentReferenceStatus,DocumentReferenceStatus,"The status of the document reference.","ValueSet/document-reference-status"
http://hl7.org/fhir/document-relationship-type,5.0.0,active,"2.16.840.1.113883.4.642.4.245,2.16.840.1.113883.4.642.2.133,2.16.840.1.113883.4.642.1.240",DocumentRelationshipType,Document Relationship Type,"The type of relationship between documents.","ValueSet/document-relationship-type"
http://hl7.org/fhir/endpoint-environment,5.0.0,active,"2.16.840.1.113883.4.642.4.2041",EndpointEnvironment,Endpoint Environment,"The environment type of the endpoint.","ValueSet/endpoint-environment"
http://hl7.org/fhir/endpoint-status,5.0.0,active,"2.16.840.1.113883.4.642.4.495,2.16.840.1.113883.4.642.1.488",EndpointStatus,Endpoint Status,"The status of the endpoint.","ValueSet/endpoint-status"
http://hl7.org/fhir/event-status,5.0.0,draft,"2.16.840.1.113883.4.642.4.110",EventStatus,EventStatus,"Codes identifying the lifecycle stage of an event.","ValueSet/event-status"
http://hl7.org/fhir/fhir-types,5.0.0,active,"2.16.840.1.113883.4.642.4.1802",FHIRTypes,All FHIR Types,"One of the types defined as part of this version of FHIR.","ValueSet/resource-types"
http://hl7.org/fhir/identifier-use,5.0.0,active,"2.16.840.1.113883.4.642.1.58",IdentifierUse,IdentifierUse,"Identifies the purpose for this identifier, if known .","ValueSet/identifier-use"
http://hl7.org/fhir/identity-assuranceLevel,5.0.0,active,"2.16.840.1.113883.4.642.1.641,2.16.840.1.113883.4.642.4.657,2.16.840.1.113883.4.642.2.342",IdentityAssuranceLevel,Identity Assurance Level,"The level of confidence that this link represents the same actual person, based on NIST Authentication Levels.","ValueSet/identity-assuranceLevel"
http://hl7.org/fhir/link-type,5.0.0,active,"2.16.840.1.113883.4.642.1.413,2.16.840.1.113883.4.642.2.234,2.16.840.1.113883.4.642.4.424",LinkType,Link Type,"The type of link between this Patient resource and other Patient/RelatedPerson resource(s).","ValueSet/link-type"
http://hl7.org/fhir/location-characteristic,5.0.0,active,"2.16.840.1.113883.4.642.4.1970",LocationCharacteristic,Location Characteristic,"Example Set of Location Characteristics.","ValueSet/location-characteristic"
http://hl7.org/fhir/location-mode,5.0.0,active,"2.16.840.1.113883.4.642.4.331,2.16.840.1.113883.4.642.1.322,2.16.840.1.113883.4.642.2.181",LocationMode,Location Mode,"Indicates whether a resource instance represents a specific location or a class of locations.","ValueSet/location-mode"
http://hl7.org/fhir/location-status,5.0.0,active,"2.16.840.1.113883.4.642.4.333,2.16.840.1.113883.4.642.1.324,2.16.840.1.113883.4.642.2.182",LocationStatus,Location Status,"Indicates whether the location is still in use.","ValueSet/location-status"
http://hl7.org/fhir/name-use,5.0.0,active,"2.16.840.1.113883.4.642.4.66",NameUse,NameUse,"The use of a human name.","ValueSet/name-use"
http://hl7.org/fhir/participationstatus,5.0.0,active,"2.16.840.1.113883.4.642.4.487,2.16.840.1.113883.4.642.2.285,2.16.840.1.113883.4.642.1.480",ParticipationStatus,Participation Status,"The Participation status of an appointment.","ValueSet/participationstatus,ValueSet/appointmentresponse-status"
http://hl7.org/fhir/reaction-event-severity,5.0.0,active,"2.16.840.1.113883.4.642.2.56,2.16.840.1.113883.4.642.1.126,2.16.840.1.113883.4.642.4.136",AllergyIntoleranceSeverity,Allergy Intolerance Severity,"Clinical assessment of the severity of a reaction event as a whole, potentially considering multiple different manifestations.","ValueSet/reaction-event-severity"
http://hl7.org/fhir/service-mode,5.0.0,active,"2.16.840.1.113883.4.642.4.2116",ServiceMode,Service Mode,"An example set of Service Modes that could be applicable to use to characterize HealthcareServices or PractitionerRoles while searching","ValueSet/service-mode"
http://hl7.org/fhir/substance-status,5.0.0,active,"2.16.840.1.113883.4.642.4.475,2.16.840.1.113883.4.642.1.468",FHIRSubstanceStatus,FHIRSubstanceStatus,"A code to indicate if the substance is actively used.","ValueSet/substance-status"
http://hl7.org/fhir/week-of-month,5.0.0,active,"2.16.840.1.113883.4.642.4.1906",WeekOfMonth,Week Of Month,"The set of weeks with in a month.","ValueSet/week-of-month"
http://terminology.hl7.org/CodeSystem/allergyintolerance-clinical,1.0.1,active,"2.16.840.1.113883.4.642.1.1373",AllergyIntoleranceClinicalStatusCodes,AllergyIntolerance Clinical Status Codes,"Preferred value set for AllergyIntolerance Clinical Status.","ValueSet/allergyintolerance-clinical"
http://terminology.hl7.org/CodeSystem/allergyintolerance-verification,1.0.1,active,"2.16.840.1.113883.4.642.1.1371",AllergyIntoleranceVerificationStatus,AllergyIntolerance Verification Status,"The verification status to support or decline the clinical status of the allergy or intolerance.","ValueSet/allergyintolerance-verification"
http://terminology.hl7.org/CodeSystem/appointment-cancellation-reason,2.1.1,active,"2.16.840.1.113883.4.642.1.1382",AppointmentCancellationReason,Appointment cancellation reason,"This example value set defines a set of reasons for the cancellation of an appointment.","ValueSet/appointment-cancellation-reason"
http://terminology.hl7.org/CodeSystem/contactentity-type,2.0.0,active,"2.16.840.1.113883.4.642.1.1129",ContactEntityType,Contact entity type,"This example value set defines a set of codes that can be used to indicate the purpose for which you would contact a contact party.","ValueSet/contactentity-type"
http://terminology.hl7.org/CodeSystem/endpoint-connection-type,2.1.1,active,"2.16.840.1.113883.4.642.1.1140",EndpointConnectionType,Endpoint Connection Type,"This is an example value set defined by the FHIR project, that could be used to represent possible connection type profile values.","ValueSet/no-basis-connection-type.valueset"
http://terminology.hl7.org/CodeSystem/endpoint-payload-type,2.0.1,active,"2.16.840.1.113883.4.642.1.1139",EndpointPayloadType,Endpoint Payload Type,"This is an example value set defined by the FHIR project, that could be used to represent possible payload document types.","ValueSet/endpoint-payload-type"
http://terminology.hl7.org/CodeSystem/extra-security-role-type,1.0.1,active,,SecurityRoleType,Security Role Type,"This CodeSystem contains Additional FHIR-defined Security Role types not defined elsewhere","ValueSet/participation-role-type"
http://terminology.hl7.org/CodeSystem/list-empty-reason,1.0.1,active,"2.16.840.1.113883.4.642.1.1106",ListEmptyReasons,List Empty Reasons,"General reasons for a list to be empty. Reasons are either related to a summary list (i.e. problem or medication list) or to a workflow related list (i.e. consultation list).","ValueSet/list-empty-reason"
http://terminology.hl7.org/CodeSystem/list-order,2.0.0,active,"2.16.840.1.113883.4.642.1.1107",ListOrderCodes,List Order Codes,"Base values for the order of item lists in resources.","ValueSet/list-order"
http://terminology.hl7.org/CodeSystem/location-physical-type,2.0.1,active,"2.16.840.1.113883.4.642.1.1108",LocationType,Location type,"This example value set defines a set of codes that can be used to indicate the physical form of the Location.  This includes several 'non physical' codes which are still considered a location.","ValueSet/location-form"
http://terminology.hl7.org/CodeSystem/media-category,5.0.0,active,"2.16.840.1.113883.4.642.1.326",DigitalMediaCategory,Digital Media Category,"Codes for high level media types - whether the media is an image, video, or audio.","ValueSet/referenced-item-category"
http://terminology.hl7.org/CodeSystem/medicationrequest-admin-location,1.0.1,active,"2.16.840.1.113883.4.642.1.0",MedicationRequest_Administration_Location_Codes,Medication request  administration  location  codes,"MedicationRequest Administration Location Codes","ValueSet/medicationrequest-admin-location"
http://terminology.hl7.org/CodeSystem/organization-type,3.0.0,active,"2.16.840.1.113883.4.642.1.1128",OrganizationType,Organization type,"This example value set defines a set of codes that can be used to indicate a type of organization.","ValueSet/organization-type"
http://terminology.hl7.org/CodeSystem/participant-type,1.0.1,active,"2.16.840.1.113883.4.642.1.1089",ParticipantType,Participant type,"This value set defines a set of codes that can be used to indicate how an individual participates in an encounter.","ValueSet/encounter-participant-type"
http://terminology.hl7.org/CodeSystem/practitioner-role,1.0.1,active,"2.16.840.1.113883.4.642.1.1132",PractitionerRole,Practitioner role,"This example value set defines a set of codes that can be used to indicate the role of a Practitioner.","ValueSet/practitioner-role"
http://terminology.hl7.org/CodeSystem/program,1.0.1,active,"2.16.840.1.113883.4.642.1.1384",Program,Program,"This value set defines an example set of codes that could be can be used to classify groupings of service-types/specialties.","ValueSet/program"
http://terminology.hl7.org/CodeSystem/service-category,1.1.1,active,"2.16.840.1.113883.4.642.1.1144",ServiceCategory,Service category,"This value set defines an example set of codes that can be used to classify groupings of service-types/specialties.","ValueSet/service-category"
http://terminology.hl7.org/CodeSystem/service-provision-conditions,1.0.1,active,"2.16.840.1.113883.4.642.1.1143",ServiceProvisionConditions,ServiceProvisionConditions,"The code(s) that detail the conditions under which the healthcare service is available/offered.","ValueSet/service-provision-conditions"
http://terminology.hl7.org/CodeSystem/service-referral-method,1.0.1,active,"2.16.840.1.113883.4.642.1.1142",ReferralMethod,ReferralMethod,"The methods of referral can be used when referring to a specific HealthCareService resource.","ValueSet/service-referral-method"
http://terminology.hl7.org/CodeSystem/service-type,1.1.1,active,"2.16.840.1.113883.4.642.1.1145",ServiceType,Service type,"This value set defines an example set of codes of service-types.","ValueSet/service-type"
http://terminology.hl7.org/CodeSystem/substance-category,1.0.1,active,"2.16.840.1.113883.4.642.1.1138",SubstanceCategoryCodes,Substance Category Codes,"Substance category codes","ValueSet/substance-category"
http://terminology.hl7.org/CodeSystem/v2-0116,3.0.0,active,"2.16.840.1.113883.18.47",BedStatus,bedStatus,"Code system of concepts which specify the state of a bed in an inpatient setting, and is used to determine if a patient may be assigned to it or not.  Used in HL7 Version 2.x messaging in the DLD and PV1 segments.","ValueSet/v2-0116"
http://terminology.hl7.org/CodeSystem/v2-0131,3.0.0,active,"2.16.840.1.113883.18.58",ContactRole2,contactRole2,"Code system of concepts which specify a relationship role that the next of kin/associated parties plays with regard to the patient. Also used in referrals, for example, it may be necessary to identify the contact representative at the clinic that sent a referral. Used in HL7 Version 2 messaging in the NK1 and CTD segments after 2.5, when it replace 2.16.840.1.113883.18.57.","ValueSet/relatedperson-relationshiptype,ValueSet/patient-contactrelationship"
http://terminology.hl7.org/CodeSystem/v2-0203,5.0.0,active,"2.16.840.1.113883.18.108",IdentifierType,identifierType,"HL7-defined code system of concepts specifying type of identifier. Used in HL7 Version 2.x messaging data types CX, PLN, PPN, XCN and XON.","ValueSet/identifier-type"
http://terminology.hl7.org/CodeSystem/v2-0276,3.0.0,active,"2.16.840.1.113883.18.169",AppointmentReason,appointmentReason,"Code system of concepts used to describe the kind of appointment or the reason why an appointment has been scheduled.  Used in HL7 Version 2.x messaging in the ARQ segment.","ValueSet/v2-0276"
http://terminology.hl7.org/CodeSystem/v2-0360,3.0.0,active,"2.16.840.1.113883.18.220",DegreeLicenseCertificate,degreeLicenseCertificate,"Code system of concepts specifying an educational degree (e.g., MD).  Used in the CNN datatype (names and identifiers of clinicians) in Version 2 messaging.  Used in HL7 Version 2.x messaging in the CNN segment; note that in releases of HL7 prior to 2.3.1, was also used in person names (XPN), but this use was deprecated, then withdrawn in 2.7.","ValueSet/v2-0360"
http://terminology.hl7.org/CodeSystem/v3-ActCode,11.0.0,active,"2.16.840.1.113883.5.4",ActCode,ActCode,"A code specifying the particular kind of Act that the Act-instance represents within its class.    *Constraints:* The kind of Act (e.g. physical examination, serum potassium, inpatient encounter, charge financial transaction, etc.) is specified with a code from one of several, typically external, coding systems. The coding system will depend on the class of Act, such as LOINC for observations, etc.    Conceptually, the Act.code must be a specialization of the Act.classCode. This is why the structure of ActClass domain should be reflected in the superstructure of the ActCode domain and then individual codes or externally referenced vocabularies subordinated under these domains that reflect the ActClass structure.    Act.classCode and Act.code are not modifiers of each other but the Act.code concept should really imply the Act.classCode concept. For a negative example, it is not appropriate to use an Act.code ""potassium"" together with and Act.classCode for ""laboratory observation"" to somehow mean ""potassium laboratory observation"" and then use the same Act.code for ""potassium"" together with Act.classCode for ""medication"" to mean ""substitution of potassium"". This mutually modifying use of Act.code and Act.classCode is not permitted.","ValueSet/v3-ActCode"
http://terminology.hl7.org/CodeSystem/v3-ActPriority,5.0.0,active,"2.16.840.1.113883.5.7",ActPriority,ActPriority,"A set of codes (e.g., for routine, emergency), specifying the urgency under which the Act happened, can happen, is happening, is intended to happen, or is requested/demanded to happen.","ValueSet/v3-ActPriority"
http://terminology.hl7.org/CodeSystem/v3-HL7DocumentFormatCodes,4.1.0,active,"2.16.840.1.113883.4.642.1.1407",HL7DocumentFormatCodes,HL7 Document Format Codes,"This codeSystem contains codes which specify the technical format of a document. Each code provides sufficient information to allow any potential document consumer to know if it will be able to process the document. The codes are sufficiently specific to ensure processing/display by identifying a document encoding, structure and template. For example, formatCodes can be used in the FHIR DocumentReference resource to characterize the document being referenced.","ValueSet/v3-HL7FormatCodes"
http://terminology.hl7.org/CodeSystem/v3-MaritalStatus,5.0.0,active,"2.16.840.1.113883.5.2",MaritalStatus,MaritalStatus,"\* \* \* No description supplied \* \* \*    *Open Issue:* The specific meanings of these codes can vary somewhat by jurisdiction and implementation so caution should be used when determining equivalency.    *Open Issue:* fixing and completion of the hierarchy and proper good definitions of all the concepts is badly needed.","ValueSet/marital-status"
http://terminology.hl7.org/CodeSystem/v3-NullFlavor,4.0.0,active,"2.16.840.1.113883.5.1008",NullFlavor,NullFlavor,"A collection of codes specifying why a valid value is not present.","ValueSet/marital-status"
http://terminology.hl7.org/CodeSystem/v3-ParticipationType,7.0.0,active,"2.16.840.1.113883.5.90",ParticipationType,ParticipationType,"A code specifying the meaning and purpose of every Participation instance. Each of its values implies specific constraints on the Roles undertaking the participation.","ValueSet/relatedperson-relationshiptype,ValueSet/encounter-participant-type"
http://terminology.hl7.org/CodeSystem/v3-RoleClass,6.0.0,active,"2.16.840.1.113883.5.110",RoleClass,RoleClass,"Codes for the Role class hierarchy. The values in this hierarchy, represent a Role which is an association or relationship between two entities - the entity that plays the role and the entity that scopes the role. Roles names are derived from the name of the playing entity in that role.    The role hierarchy stems from three core concepts, or abstract domains:     *  **RoleClassOntological** is an abstract domain that collects roles in which the playing entity is defined or specified by the scoping entity.   *  **RoleClassPartitive** collects roles in which the playing entity is in some sense a ""part"" of the scoping entity.   *  **RoleClassAssociative** collects all of the remaining forms of association between the playing entity and the scoping entity. This set of roles is further partitioned between:             *  **RoleClassPassive** which are roles in which the playing entity is used, known, treated, handled, built, or destroyed, etc. under the auspices of the scoping entity. The playing entity is passive in these roles in that the role exists without an agreement from the playing entity.       *  **RoleClassMutualRelationship** which are relationships based on mutual behavior of the two entities. The basis of these relationship may be formal agreements or they may be *de facto* behavior. Thus, this sub-domain is further divided into:                     *  **RoleClassRelationshipFormal** in which the relationship is formally defined, frequently by a contract or agreement.           *  **Personal relationship** which inks two people in a personal relationship.    The hierarchy discussed above is represented In the current vocabulary tables as a set of abstract domains, with the exception of the ""Personal relationship"" which is a leaf concept.    *OpenIssue:* Description copied from Concept Domain of same name. Must be verified.","ValueSet/relatedperson-relationshiptype"
http://terminology.hl7.org/CodeSystem/v3-RoleCode,4.0.0,active,"2.16.840.1.113883.5.111",RoleCode,RoleCode,"A set of codes further specifying the kind of Role; specific classification codes for further qualifying RoleClass codes.","ValueSet/relatedperson-relationshiptype,ValueSet/no-basis-location-type.valueset"
