Source File	Size	loadResources	load	generateSnapshots	load-configure	scan	loadDepInfo	loadInfo	checkR4R4B	generateNarratives	validate	loadLists	checkConformanceResources	checkConformanceResources2	checkConformanceResources3	generateLogicalMaps	validateExpressions	scanForUsageStats	checkURLsUnique	processProvenanceDetails	generate1	generate2	generateLogicals	makeDependencies	generateExampleZip	generateValidationPack	scanProfilesForR5	scanExamplesForR5
/fsh-generated/resources/ImplementationGuide-hl7.fhir.no.basis.json	28648	-	0	0	0	0	0	0	10	37	0	0	0	0	0	0	0	1	0	0	110	114	0	0	0	4	0	3
fsh-generated/resources/CodeSystem-no-basis-connection-type.codesystem.json	858	3	0	0	0	0	0	0	0	6	0	0	0	0	0	0	0	0	0	0	10	58	0	0	0	0	0	0
fsh-generated/resources/CodeSystem-no-basis-family-relation.codesystem.json	1091	2	0	0	0	0	0	0	1	4	0	0	0	0	0	0	0	0	0	0	8	60	0	0	0	0	0	0
fsh-generated/resources/CodeSystem-no-basis-location-type.codesystem.json	841	0	0	0	1	0	0	0	0	3	0	0	0	0	0	0	0	0	0	0	8	53	0	0	0	1	0	0
fsh-generated/resources/CodeSystem-no-basis-marital-status.codesystem.json	2034	1	0	0	0	0	0	0	1	3	0	0	0	0	0	0	0	0	0	0	12	68	0	0	0	0	0	0
fsh-generated/resources/CodeSystem-no-basis-parental-responsibility.codesystem.json	1012	1	0	0	0	0	0	0	0	2	0	0	0	0	0	0	0	0	0	0	7	54	0	0	0	0	0	0
fsh-generated/resources/NamingSystem-no-basis-bydelsnummer.json	874	3	7	0	0	0	0	0	0	23	293	0	0	0	0	0	0	0	0	0	7	9	0	0	0	1	0	0
fsh-generated/resources/NamingSystem-no-basis-dnummer.json	764	1	5	0	0	0	0	0	0	2	8	0	0	0	0	0	0	0	0	0	6	8	0	0	0	0	0	0
fsh-generated/resources/NamingSystem-no-basis-dufnummer.json	694	0	2	0	0	0	0	0	1	2	7	0	0	0	0	0	0	0	0	0	10	8	0	0	0	0	0	0
fsh-generated/resources/NamingSystem-no-basis-felleshjelpenummer.json	885	1	1	0	0	0	0	0	0	1	6	0	0	0	0	0	0	0	0	0	6	9	0	0	0	0	0	0
fsh-generated/resources/NamingSystem-no-basis-foedselsnummer.json	799	0	2	0	0	0	0	0	0	2	6	0	0	0	0	0	0	0	0	0	6	8	0	0	0	1	0	0
fsh-generated/resources/NamingSystem-no-basis-helsepersonellnummer.json	895	1	2	0	0	0	0	0	0	2	7	0	0	0	0	0	0	0	0	0	6	8	0	0	0	0	0	0
fsh-generated/resources/NamingSystem-no-basis-kommunenummer.json	920	1	2	0	0	0	0	0	1	1	7	0	0	0	0	0	0	0	0	0	6	8	0	0	0	0	0	0
fsh-generated/resources/Organization-Direktoratet-for-eHelse-Organization.json	1079	4	0	0	0	0	0	0	0	187	0	0	0	0	0	0	0	0	0	0	6	6	0	0	0	0	0	0
fsh-generated/resources/Patient-EspenEksempel.json	2105	5	0	0	0	0	0	0	0	101	0	0	0	0	0	0	0	0	0	0	7	76	0	0	0	0	0	1
fsh-generated/resources/Patient-JanniceSoreng.json	3207	2	0	0	0	0	0	0	1	6	0	0	0	0	0	0	0	1	0	0	8	13	0	0	0	0	0	0
fsh-generated/resources/Patient-JanniceSorengTo.json	3211	3	0	0	0	0	0	0	1	1	0	0	0	0	0	0	0	0	0	0	8	10	0	0	0	0	0	0
fsh-generated/resources/Practitioner-Magnar-Komann-Practitioner.json	1826	2	0	0	0	0	0	0	0	3	0	0	0	0	0	0	0	0	0	0	6	8	0	0	0	0	0	0
fsh-generated/resources/RelatedPerson-Solid-Aresdoktor-RelatedPerson.json	2018	2	0	0	0	0	0	0	0	2	0	0	0	0	0	0	0	0	0	0	6	7	0	0	0	0	0	0
fsh-generated/resources/RelatedPerson-Sorgard-Erlend-RelatedPerson.json	1575	1	0	0	0	0	0	0	1	2	0	0	0	0	0	0	0	0	0	0	6	6	0	0	0	0	0	0
fsh-generated/resources/SearchParameter-no-basis-middlename.json	896	5	0	0	0	0	0	0	0	3	0	0	0	0	0	0	0	0	0	0	6	7	0	0	0	0	0	0
fsh-generated/resources/StructureDefinition-derived-Person.json	1674	1	0	88	0	0	0	0	0	80	0	0	1	0	0	0	0	1	0	0	132	817	0	0	0	4	1	2
fsh-generated/resources/StructureDefinition-no-basis-Address.json	6341	2	0	9	0	0	0	0	0	220	0	0	0	0	0	0	0	0	0	0	82	149	0	0	0	3	0	1
fsh-generated/resources/StructureDefinition-no-basis-AllergyIntolerance.json	6631	2	0	45	0	0	0	0	0	62	0	0	0	0	0	0	0	1	0	0	246	396	0	1	0	8	0	1
fsh-generated/resources/StructureDefinition-no-basis-Appointment.json	5396	3	0	42	0	0	0	0	0	312	0	0	1	0	0	0	0	2	0	0	238	689	0	0	0	6	0	1
fsh-generated/resources/StructureDefinition-no-basis-Composition.json	1542	1	0	22	0	0	0	0	0	6	0	0	0	0	0	0	0	1	0	0	113	152	0	0	0	5	0	1
fsh-generated/resources/StructureDefinition-no-basis-DocumentReference.json	1979	0	0	19	0	0	0	0	0	8	0	0	0	0	0	0	0	1	0	0	118	175	0	0	0	4	0	0
fsh-generated/resources/StructureDefinition-no-basis-Endpoint.json	7644	2	0	121	1	0	0	0	0	208	0	0	0	0	0	0	0	1	0	0	109	363	0	0	0	4	1	1
fsh-generated/resources/StructureDefinition-no-basis-HealthcareService.json	10431	3	0	28	0	0	0	0	0	508	0	0	0	0	0	0	0	0	0	0	229	901	0	0	0	7	0	0
fsh-generated/resources/StructureDefinition-no-basis-HumanName.json	3725	1	0	4	0	0	0	0	0	7	0	0	0	0	0	0	0	1	0	0	45	86	0	0	0	2	0	1
fsh-generated/resources/StructureDefinition-no-basis-Location.json	3185	2	0	12	0	0	0	0	0	6	0	0	0	0	0	0	0	0	0	0	79	125	0	0	0	2	0	0
fsh-generated/resources/StructureDefinition-no-basis-Medication.json	5362	2	0	24	0	0	0	0	0	14	0	0	0	0	0	0	0	0	0	0	161	198	0	0	0	4	0	0
fsh-generated/resources/StructureDefinition-no-basis-MedicationStatement.json	5988	2	0	23	0	0	0	0	0	24	0	0	1	0	0	0	0	1	0	0	200	246	0	0	0	5	0	1
fsh-generated/resources/StructureDefinition-no-basis-Organization.json	6103	26	0	25	0	0	0	0	0	213	0	0	0	0	0	0	0	1	0	0	188	439	0	0	0	5	0	1
fsh-generated/resources/StructureDefinition-no-basis-Patient.json	9412	5	0	38	0	0	0	0	0	24	0	0	0	0	0	0	0	1	0	0	255	361	0	0	0	7	1	1
fsh-generated/resources/StructureDefinition-no-basis-Person.json	4690	3	0	2	0	0	0	0	0	8	0	0	0	0	0	0	0	1	0	0	119	179	0	0	0	3	0	1
fsh-generated/resources/StructureDefinition-no-basis-Practitioner.json	10778	5	0	29	0	0	0	0	0	312	0	0	0	0	0	0	0	0	0	0	229	580	0	0	0	6	0	1
fsh-generated/resources/StructureDefinition-no-basis-PractitionerRole.json	5111	2	0	58	0	0	0	0	0	104	0	0	0	0	0	0	0	1	0	0	125	233	0	0	0	4	0	0
fsh-generated/resources/StructureDefinition-no-basis-RelatedPerson.json	10816	5	0	25	0	0	0	0	0	19	0	0	1	0	0	0	0	1	0	0	209	279	0	0	0	5	1	1
fsh-generated/resources/StructureDefinition-no-basis-Substance.json	2494	1	0	16	0	0	0	0	0	9	0	0	0	0	0	0	0	0	0	0	90	134	0	0	0	3	0	1
fsh-generated/resources/StructureDefinition-no-basis-address-official.json	2037	2	0	3	0	0	0	0	0	5	0	0	0	0	0	0	0	0	0	0	26	78	0	0	0	0	0	0
fsh-generated/resources/StructureDefinition-no-basis-middlename.json	2264	2	0	3	0	0	0	0	0	5	0	0	0	0	0	0	0	0	0	0	27	71	0	0	0	1	0	0
fsh-generated/resources/StructureDefinition-no-basis-municipalitycode.json	1913	1	0	4	0	0	0	0	0	9	0	0	0	0	0	0	0	0	0	0	43	85	0	0	0	1	0	0
fsh-generated/resources/StructureDefinition-no-basis-person-citizenship.json	3098	3	0	11	0	0	0	0	0	11	0	0	0	0	0	0	0	1	0	0	57	93	0	0	0	1	0	0
fsh-generated/resources/StructureDefinition-no-basis-prescriptiongroup.json	2272	2	0	6	0	0	0	0	0	8	0	0	0	0	0	0	0	0	0	0	65	108	0	0	0	1	0	1
fsh-generated/resources/StructureDefinition-no-basis-propertyinformation.json	8070	3	0	7	0	0	0	0	0	113	0	0	0	0	0	0	0	0	0	0	111	233	0	0	0	3	1	0
fsh-generated/resources/StructureDefinition-no-basis-relatedperson-person-reference.json	2553	2	0	5	0	0	0	0	0	5	0	0	0	0	0	0	0	0	0	0	28	66	0	0	0	0	0	0
fsh-generated/resources/StructureDefinition-no-basis-sourceofinformation.json	2323	2	0	5	0	0	0	0	0	8	0	0	0	0	0	0	0	0	0	0	64	93	0	0	0	2	0	0
fsh-generated/resources/StructureDefinition-no-basis-urban-district.json	2287	1	0	3	0	0	0	0	0	3	0	0	0	0	0	0	0	1	0	0	26	164	0	0	0	1	0	0
fsh-generated/resources/ValueSet-no-basis-connection-type.valueset.json	925	1	0	0	1	0	0	0	0	37	0	0	0	0	0	0	0	0	0	0	6	67	0	0	0	0	0	0
fsh-generated/resources/ValueSet-no-basis-documentreference-type.valueset.json	6877	2	0	0	0	0	0	0	2	162	0	0	0	0	0	0	0	0	0	0	12	115	0	0	0	0	0	0
fsh-generated/resources/ValueSet-no-basis-family-relation.valueset.json	705	1	0	0	0	0	0	0	0	2	0	0	0	0	0	0	0	0	0	0	5	31	0	0	0	0	0	1
fsh-generated/resources/ValueSet-no-basis-location-type.valueset.json	1301	1	0	0	0	0	0	0	0	3	0	0	0	0	0	0	0	0	0	0	8	78	0	0	0	1	0	0
fsh-generated/resources/ValueSet-no-basis-marital-status.valueset.json	611	1	0	0	0	0	0	0	1	1	0	0	0	0	0	0	0	0	0	0	5	29	0	0	0	0	0	0
fsh-generated/resources/ValueSet-no-basis-parental-responsibility.valueset.json	744	0	0	0	0	0	0	0	0	1	0	0	0	0	0	0	0	0	0	0	6	29	0	0	0	0	0	0
fsh-generated/resources/ValueSet-no-basis-service-type.valueset.json	1193	1	0	0	0	0	0	0	0	384	0	0	0	0	0	0	0	0	0	0	7	146	0	0	0	0	0	0
input/examples/no-basis-Procedure-example.xml	1167	35	0	0	0	0	0	0	0	6	0	0	0	0	0	0	0	0	0	0	5	6	0	0	0	0	0	0
input/extensions/no-basis-conferencetype.structuredefinition.xml	1281	16	0	4	0	0	0	0	0	103	0	0	0	0	0	0	0	0	0	0	23	56	0	0	0	1	0	0
input/extensions/no-basis-group.structuredefinition.xml	1557	8	0	4	0	0	0	0	0	4	0	0	0	0	0	0	0	0	0	0	23	65	0	0	0	0	0	0
input/extensions/no-basis-partof.structuredefinition.xml	1575	10	0	4	0	0	0	0	0	3	0	0	0	0	0	0	0	0	0	0	24	52	0	0	0	0	0	0
input/extensions/no-basis-postponementreason.structuredefinition.xml	1581	10	0	3	0	0	0	0	0	100	0	0	0	0	0	0	0	0	0	0	23	156	0	0	0	1	0	0
input/extensions/no-basis-shortnotice.structuredefinition.xml	1423	9	0	3	0	0	0	0	0	2	0	0	0	0	0	0	0	0	0	0	23	55	0	0	0	0	0	0
input/profiles/no-basis-AppointmentResponse.structuredefinition.xml	1987	9	0	10	0	0	0	0	0	10	0	0	0	0	0	0	0	0	0	0	62	72	0	0	0	2	0	0
input/profiles/no-basis-Procedure.StructureDefinition.xml	2615	15	0	19	0	0	0	0	0	12	0	0	0	0	0	0	0	1	0	0	131	112	0	0	0	3	0	1
input/resources/no-basis-icpc-2.namingsystem.xml	1121	8	2	0	0	0	0	0	0	2	8	0	0	0	0	0	0	0	0	0	6	5	0	0	0	1	0	0
/fsh-generated/includes/fsh-link-references.md	4570	-	-	-	0	0	0	0	0	0	0	0	0	0	0	0	0	0	0	0	0	1	0	0	0	0	0	0
/fsh-generated/includes/menu.xml	2448	-	-	-	0	0	0	0	0	0	0	0	0	0	0	0	0	0	0	0	0	0	0	0	0	0	0	0
/input/pagecontent/Datatypes.md	2584	-	-	-	0	0	0	0	0	0	0	0	0	0	0	0	0	0	0	0	0	0	0	0	0	0	0	0
/input/pagecontent/index.md	2142	-	-	-	0	0	0	0	0	0	0	0	0	0	0	0	0	0	0	0	0	0	0	0	0	0	0	0
/input/pagecontent/Appointment-and-Encounter.md	2554	-	-	-	0	0	0	0	0	0	0	0	0	0	0	0	0	0	0	0	0	0	0	0	0	0	0	0
/input/pagecontent/Changelog-STU3.md	7831	-	-	-	0	0	0	0	0	0	0	0	0	0	0	0	0	0	0	0	0	1	0	0	0	0	0	0
/template/config	0	-	-	-	0	0	0	0	0	0	0	0	0	0	0	0	0	0	0	0	0	0	0	0	0	0	0	0
/template/config/_config.yml	140	-	-	-	0	0	0	0	0	0	0	0	0	0	0	0	0	0	0	0	0	0	0	0	0	0	0	0
/input/images	0	-	-	-	0	0	0	0	0	0	0	0	0	0	0	0	0	0	0	0	0	0	0	0	0	0	0	0
/input/images/no-basis-Workflow-Management.png	21497	-	-	-	0	0	0	0	0	0	0	0	0	0	0	0	0	0	0	0	0	0	0	0	0	0	0	0
/temp/pages/_includes/artifacts.xml	37305	-	-	-	-	-	-	-	-	-	-	-	-	-	-	-	-	-	-	-	-	1	0	0	0	0	0	0
