URL,Version,Status,OIDs,Name,Title,Description,Uses,Used,Sources
http://dicom.nema.org/medical/dicom/current/output/chtml/part16/sect_CID_33.html,2025.3.20250714,active,"1.2.840.10008.6.1.1283",Modality,,"Transitive closure of CID 33 Modality","StructureDefinition/no-basis-DocumentReference","DICOM"
http://hl7.no/fhir/ValueSet/no-basis-connection-type,3.0.0-alpha,active,,NoBasisConnectionType,no-basis-connection-type.valueset,"ValueSet for connection types used in Endpoint definition. Includes all Norwegian specific types (no-basis-connection-type) and the extensible HL7 CodeSystem for connection-type","StructureDefinition/no-basis-Endpoint","Internal,THO"
http://hl7.no/fhir/ValueSet/no-basis-documentreference-type,3.0.0-alpha,active,,NoBasisDocumentReferenceType,no-basis-documentreference-type.valueset,"","StructureDefinition/no-basis-Composition,StructureDefinition/no-basis-DocumentReference","Other"
http://hl7.no/fhir/ValueSet/no-basis-family-relation,3.0.0-alpha,active,,NoBasisFamilyRelation,no-basis-family-relation.valueset,"Copy of Codes from Familierelasjon defined by Skatteetaten","StructureDefinition/no-basis-RelatedPerson","Internal"
http://hl7.no/fhir/ValueSet/no-basis-location-type,3.0.0-alpha,draft,,NoBasisLocationType,no-basis-location-type.valueset,"ValueSet for location types used in Location definition. Includes all Norwegian specific types (no-basis-location-type.codesystem) and all codes from v3.ServiceDeliveryLocationRoleType defined by HL7","StructureDefinition/no-basis-Location","THO (V3),Internal"
http://hl7.no/fhir/ValueSet/no-basis-marital-status,3.0.0-alpha,active,,NoBasisMaritalStatus,no-basis-marital-status.valueset,"Copy of Codes from Sivilstandstype defined by Skatteetaten","StructureDefinition/no-basis-RelatedPerson","Internal"
http://hl7.no/fhir/ValueSet/no-basis-parental-responsibility,3.0.0-alpha,active,,NoBasisParentalResponsibility,no-basis-parental-responsibility.valueset,"Copy of Codes from Foreldreansvar defined by Skatteetaten","StructureDefinition/no-basis-RelatedPerson","Internal"
http://hl7.no/fhir/ValueSet/no-basis-service-type,3.0.0-alpha,active,,NoBasisServiceType,no-basis-service-type.valueset,"ValueSet including all codes for service type (tjenestetype) allowed in the Adressergister",,"Other"
http://hl7.org/fhir/ValueSet/address-type,5.0.0,active,"2.16.840.1.113883.4.642.3.69",AddressType,AddressType,"The type of an address (physical / postal).","StructureDefinition/no-basis-Address","hl7.fhir.r5.core"
http://hl7.org/fhir/ValueSet/address-use,5.0.0,active,"2.16.840.1.113883.4.642.3.67",AddressUse,AddressUse,"The use of an address.","StructureDefinition/no-basis-Address","hl7.fhir.r5.core"
http://hl7.org/fhir/ValueSet/administrative-gender,5.0.0,active,"2.16.840.1.113883.4.642.3.1",AdministrativeGender,AdministrativeGender,"The gender of a person used for administrative purposes.","StructureDefinition/derived-Person,StructureDefinition/no-basis-RelatedPerson,StructureDefinition/no-basis-Patient,StructureDefinition/no-basis-Person,StructureDefinition/no-basis-Practitioner","hl7.fhir.r5.core"
http://hl7.org/fhir/ValueSet/all-languages,5.0.0,active,"2.16.840.1.113883.4.642.3.21",AllLanguages,All Languages,"This value set includes all possible codes from BCP-47 (see http://tools.ietf.org/html/bcp47)","StructureDefinition/no-basis-PractitionerRole,StructureDefinition/no-basis-Composition,StructureDefinition/no-basis-Location,StructureDefinition/no-basis-DocumentReference,StructureDefinition/no-basis-MedicationStatement,StructureDefinition/derived-Person,StructureDefinition/no-basis-RelatedPerson,StructureDefinition/no-basis-Person,StructureDefinition/no-basis-Substance,StructureDefinition/no-basis-AllergyIntolerance,StructureDefinition/no-basis-Procedure,StructureDefinition/no-basis-AppointmentResponse,StructureDefinition/no-basis-Appointment,StructureDefinition/no-basis-Patient,StructureDefinition/no-basis-HealthcareService,StructureDefinition/no-basis-Medication,StructureDefinition/no-basis-Organization,StructureDefinition/no-basis-Practitioner,StructureDefinition/no-basis-Endpoint","Other"
http://hl7.org/fhir/ValueSet/allergy-intolerance-category,5.0.0,draft,"2.16.840.1.113883.4.642.2.53,2.16.840.1.113883.4.642.3.133,2.16.840.1.113883.4.642.3.123",AllergyIntoleranceCategory,Allergy Intolerance Category,"Category of an identified substance associated with allergies or intolerances.","StructureDefinition/no-basis-AllergyIntolerance","hl7.fhir.r5.core"
http://hl7.org/fhir/ValueSet/allergy-intolerance-criticality,5.0.0,draft,"2.16.840.1.113883.4.642.3.129,2.16.840.1.113883.4.642.3.119,2.16.840.1.113883.4.642.2.51",AllergyIntoleranceCriticality,Allergy Intolerance Criticality,"Estimate of the potential clinical harm, or seriousness, of a reaction to an identified substance.","StructureDefinition/no-basis-AllergyIntolerance","hl7.fhir.r5.core"
http://hl7.org/fhir/ValueSet/allergy-intolerance-type,5.0.0,draft,"2.16.840.1.113883.4.642.3.131,2.16.840.1.113883.4.642.3.121,2.16.840.1.113883.4.642.2.52",AllergyIntoleranceType,Allergy Intolerance Type,"Identification of the underlying physiological mechanism for a Reaction Risk.","StructureDefinition/no-basis-AllergyIntolerance","hl7.fhir.r5.core"
http://hl7.org/fhir/ValueSet/allergyintolerance-clinical,5.0.0,draft,"2.16.840.1.113883.4.642.3.1372",AllergyIntoleranceClinicalStatusCodes,AllergyIntolerance Clinical Status Codes,"Preferred value set for AllergyIntolerance Clinical Status.","StructureDefinition/no-basis-AllergyIntolerance","THO"
http://hl7.org/fhir/ValueSet/allergyintolerance-code,5.0.0,draft,"2.16.840.1.113883.4.642.3.137,2.16.840.1.113883.4.642.3.127",SubstanceProductAndConditionAndNegationCodes,AllergyIntolerance Substance/Product, Condition and Negation Codes,"This value set includes concept codes for specific substances/pharmaceutical products, allergy or intolerance conditions, and negation/exclusion codes to specify the absence of specific types of allergies or intolerances.","StructureDefinition/no-basis-AllergyIntolerance","SCT"
http://hl7.org/fhir/ValueSet/allergyintolerance-verification,5.0.0,draft,"2.16.840.1.113883.4.642.3.1370",AllergyIntoleranceVerificationStatus,AllergyIntolerance Verification Status,"The verification status to support or decline the clinical status of the allergy or intolerance.","StructureDefinition/no-basis-AllergyIntolerance","THO"
http://hl7.org/fhir/ValueSet/appointment-cancellation-reason,5.0.0,draft,"2.16.840.1.113883.4.642.3.1381",AppointmentCancellationReason,Appointment Cancellation Reason,"This example value set defines a set of reasons for the cancellation of an appointment.","StructureDefinition/no-basis-Appointment","THO"
http://hl7.org/fhir/ValueSet/appointment-recurrrence-type,5.0.0,draft,"2.16.840.1.113883.4.642.3.2995",AppointmentRecurrenceType,Appointment Recurrence Type,"The recurrence type of a recurring appointment.","StructureDefinition/no-basis-Appointment","UCUM"
http://hl7.org/fhir/ValueSet/appointmentresponse-status,5.0.0,draft,"2.16.840.1.113883.4.642.3.3314",AppointmentResponseStatus,Appointment Response Status,"The Participation status for a participant in response to a request for an appointment.","StructureDefinition/no-basis-AppointmentResponse","hl7.fhir.r5.core"
http://hl7.org/fhir/ValueSet/appointmentstatus,5.0.0,draft,"2.16.840.1.113883.4.642.3.477,2.16.840.1.113883.4.642.2.284,2.16.840.1.113883.4.642.3.484",AppointmentStatus,Appointment Status,"The free/busy status of an appointment.","StructureDefinition/no-basis-Appointment","hl7.fhir.r5.core"
http://hl7.org/fhir/ValueSet/body-site,5.0.0,draft,"2.16.840.1.113883.4.642.3.653,2.16.840.1.113883.4.642.2.78,2.16.840.1.113883.4.642.3.141",SNOMEDCTBodyStructures,SNOMED CT Body Structures,"This value set includes all codes from [SNOMED CT](http://snomed.info/sct) where concept is-a 442083009 (Anatomical or acquired body site (body structure)).","StructureDefinition/no-basis-Procedure,StructureDefinition/no-basis-DocumentReference","SCT"
http://hl7.org/fhir/ValueSet/c80-facilitycodes,5.0.0,active,"2.16.840.1.113883.3.88.12.80.67,2.16.840.1.113883.4.642.2.131",FacilityTypeCodeValueSet,Facility Type Code Value Set,"This is the code representing the type of organizational setting where the clinical encounter,    service, interaction, or treatment occurred. The value set used for Healthcare Facility    Type has been defined by HITSP to be the value set reproduced from HITSP C80 Table 2-147.","StructureDefinition/no-basis-DocumentReference","SCT"
http://hl7.org/fhir/ValueSet/c80-practice-codes,5.0.0,active,"2.16.840.1.113883.4.642.2.134,2.16.840.1.113883.3.88.12.80.72",PracticeSettingCodeValueSet,Practice Setting Code Value Set,"This is the code representing the clinical specialty of the clinician or provider who    interacted with, treated, or provided a service to/for the patient. The value set used    for clinical specialty has been limited by HITSP to the value set reproduced from HITSP    C80 Table 2-149 Clinical Specialty Value Set Definition.","StructureDefinition/no-basis-PractitionerRole,StructureDefinition/no-basis-DocumentReference,StructureDefinition/no-basis-Appointment,StructureDefinition/no-basis-HealthcareService","SCT"
http://hl7.org/fhir/ValueSet/clinical-findings,5.0.0,draft,"2.16.840.1.113883.4.642.3.232,2.16.840.1.113883.4.642.3.227,2.16.840.1.113883.4.642.2.115",SNOMEDCTClinicalFindings,SNOMED CT Clinical Findings,"This value set includes all the ""Clinical finding"" [SNOMED CT](http://snomed.info/sct) codes - concepts where concept is-a 404684003 (Clinical finding (finding)).","StructureDefinition/no-basis-AllergyIntolerance","SCT"
http://hl7.org/fhir/ValueSet/composition-attestation-mode,5.0.0,draft,"2.16.840.1.113883.4.642.3.233,2.16.840.1.113883.4.642.3.238,2.16.840.1.113883.4.642.2.120",CompositionAttestationMode,Composition Attestation Mode,"The way in which a person authenticated a composition.","StructureDefinition/no-basis-Composition,StructureDefinition/no-basis-DocumentReference","hl7.fhir.r5.core"
http://hl7.org/fhir/ValueSet/composition-status,5.0.0,draft,"2.16.840.1.113883.4.642.2.123,2.16.840.1.113883.4.642.3.236,2.16.840.1.113883.4.642.3.241",CompositionStatus,Composition Status,"The workflow/clinical status of the composition.","StructureDefinition/no-basis-Composition,StructureDefinition/no-basis-DocumentReference","hl7.fhir.r5.core"
http://hl7.org/fhir/ValueSet/condition-code,5.0.0,draft,"2.16.840.1.113883.4.642.3.161,2.16.840.1.113883.4.642.2.72,2.16.840.1.113883.4.642.3.152",ConditionProblemDiagnosisCodes,Condition/Problem/Diagnosis Codes,"Example value set for Condition/Problem/Diagnosis codes.","StructureDefinition/no-basis-Procedure,StructureDefinition/no-basis-MedicationStatement","SCT"
http://hl7.org/fhir/ValueSet/days-of-week,5.0.0,active,"2.16.840.1.113883.4.642.3.512,2.16.840.1.113883.4.642.2.302,2.16.840.1.113883.4.642.3.506",DaysOfWeek,Days Of Week,"The days of the week.","StructureDefinition/no-basis-Appointment","hl7.fhir.r5.core"
http://hl7.org/fhir/ValueSet/device-action,5.0.0,draft,"2.16.840.1.113883.4.642.3.425,2.16.840.1.113883.4.642.2.236,2.16.840.1.113883.4.642.3.416",ProcedureDeviceActionCodes,Procedure Device Action Codes,"Example codes indicating the change that happened to the device during the procedure.  Note that these are in no way complete and might not even be appropriate for some uses.","StructureDefinition/no-basis-Procedure","SCT"
http://hl7.org/fhir/ValueSet/device-type,5.0.0,draft,"2.16.840.1.113883.4.642.3.1376",DeviceType,Device Type,"Codes used to identify medical devices. Includes concepts from SNOMED CT (http://www.snomed.org/) where concept is-a 49062001 (Device)  and is provided as a suggestive example.","StructureDefinition/no-basis-Procedure","SCT,Other"
http://hl7.org/fhir/ValueSet/doc-section-codes,5.0.0,draft,"2.16.840.1.113883.4.642.3.232,2.16.840.1.113883.4.642.2.119,2.16.840.1.113883.4.642.3.237",DocumentSectionCodes,Document Section Codes,"Document section codes (LOINC codes used in CCDA sections).","StructureDefinition/no-basis-Composition","LOINC"
http://hl7.org/fhir/ValueSet/document-reference-status,5.0.0,draft,"2.16.840.1.113883.4.642.3.7",DocumentReferenceStatus,DocumentReferenceStatus,"The status of the document reference.","StructureDefinition/no-basis-DocumentReference","hl7.fhir.r5.core"
http://hl7.org/fhir/ValueSet/document-relationship-type,5.0.0,draft,"2.16.840.1.113883.4.642.3.244,2.16.840.1.113883.4.642.3.239,2.16.840.1.113883.4.642.2.133",DocumentRelationshipType,Document Relationship Type,"The type of relationship between documents.","StructureDefinition/no-basis-DocumentReference","hl7.fhir.r5.core"
http://hl7.org/fhir/ValueSet/encounter-participant-type,5.0.0,draft,"2.16.840.1.113883.4.642.3.245,2.16.840.1.113883.4.642.2.139,2.16.840.1.113883.4.642.3.250",ParticipantType,Participant Type,"This value set defines a set of codes that can be used to indicate how an individual participates in an encounter.","StructureDefinition/no-basis-AppointmentResponse,StructureDefinition/no-basis-Appointment","THO (V3),THO"
http://hl7.org/fhir/ValueSet/encounter-reason,5.0.0,draft,"2.16.840.1.113883.4.642.3.256,2.16.840.1.113883.4.642.2.146,2.16.840.1.113883.4.642.3.261",EncounterReasonCodes,Encounter Reason Codes,"This examples value set defines the set of codes that can be used to indicate reasons for an encounter.","StructureDefinition/no-basis-Appointment","SCT"
http://hl7.org/fhir/ValueSet/endpoint-environment,5.0.0,draft,"2.16.840.1.113883.4.642.3.3184",EndpointEnvironment,Endpoint Environment,"The environment type of the endpoint.","StructureDefinition/no-basis-Endpoint","hl7.fhir.r5.core"
http://hl7.org/fhir/ValueSet/endpoint-payload-type,5.0.0,draft,"2.16.840.1.113883.4.642.3.496,2.16.840.1.113883.4.642.3.489",EndpointPayloadType,Endpoint Payload Type,"This is an example value set defined by the FHIR project, that could be used to represent possible payload document types.","StructureDefinition/no-basis-Endpoint","THO"
http://hl7.org/fhir/ValueSet/endpoint-status,5.0.0,draft,"2.16.840.1.113883.4.642.3.487,2.16.840.1.113883.4.642.3.494",EndpointStatus,Endpoint Status,"The status of the endpoint.","StructureDefinition/no-basis-Endpoint","hl7.fhir.r5.core"
http://hl7.org/fhir/ValueSet/event-status,5.0.0,draft,"2.16.840.1.113883.4.642.3.109",EventStatus,EventStatus,"Codes identifying the lifecycle stage of an event.","StructureDefinition/no-basis-Procedure","hl7.fhir.r5.core"
http://hl7.org/fhir/ValueSet/identifier-type,5.0.0,active,"2.16.840.1.113883.4.642.3.45",IdentifierTypeCodes,Identifier Type Codes,"A coded type for an identifier that can be used to determine which identifier to use for a specific purpose.","StructureDefinition/no-basis-MedicationStatement,StructureDefinition/derived-Person,StructureDefinition/no-basis-RelatedPerson,StructureDefinition/no-basis-Patient,StructureDefinition/no-basis-HealthcareService,StructureDefinition/no-basis-Person,StructureDefinition/no-basis-Organization,StructureDefinition/no-basis-Practitioner","THO (V2)"
http://hl7.org/fhir/ValueSet/identifier-use,5.0.0,active,"2.16.840.1.113883.4.642.3.57",IdentifierUse,IdentifierUse,"Identifies the purpose for this identifier, if known .","StructureDefinition/no-basis-MedicationStatement,StructureDefinition/derived-Person,StructureDefinition/no-basis-RelatedPerson,StructureDefinition/no-basis-Patient,StructureDefinition/no-basis-HealthcareService,StructureDefinition/no-basis-Person,StructureDefinition/no-basis-Organization,StructureDefinition/no-basis-Practitioner","hl7.fhir.r5.core"
http://hl7.org/fhir/ValueSet/identity-assuranceLevel,5.0.0,draft,"2.16.840.1.113883.4.642.3.640,2.16.840.1.113883.4.642.3.656,2.16.840.1.113883.4.642.2.342",IdentityAssuranceLevel,Identity Assurance Level,"The level of confidence that this link represents the same actual person, based on NIST Authentication Levels.","StructureDefinition/derived-Person,StructureDefinition/no-basis-Person","hl7.fhir.r5.core"
http://hl7.org/fhir/ValueSet/iso3166-1-2,5.0.0,active,,Iso316612,Iso 3166 Part 1: 2 Letter Codes,"This value set defines the ISO 3166 Part 1 2-letter codes","StructureDefinition/no-basis-Patient","Other"
http://hl7.org/fhir/ValueSet/languages,5.0.0,active,"2.16.840.1.113883.4.642.3.891,2.16.840.1.113883.4.642.3.20",CommonLanguages,Common Languages,"This value set includes common codes from BCP-47 (see http://tools.ietf.org/html/bcp47)","StructureDefinition/no-basis-PractitionerRole,StructureDefinition/no-basis-Composition,StructureDefinition/no-basis-Location,StructureDefinition/no-basis-DocumentReference,StructureDefinition/no-basis-MedicationStatement,StructureDefinition/derived-Person,StructureDefinition/no-basis-RelatedPerson,StructureDefinition/no-basis-Person,StructureDefinition/no-basis-Substance,StructureDefinition/no-basis-AllergyIntolerance,StructureDefinition/no-basis-Procedure,StructureDefinition/no-basis-AppointmentResponse,StructureDefinition/no-basis-Appointment,StructureDefinition/no-basis-Patient,StructureDefinition/no-basis-HealthcareService,StructureDefinition/no-basis-Medication,StructureDefinition/no-basis-Organization,StructureDefinition/no-basis-Practitioner,StructureDefinition/no-basis-Endpoint","Other"
http://hl7.org/fhir/ValueSet/link-type,5.0.0,active,"2.16.840.1.113883.4.642.2.234,2.16.840.1.113883.4.642.3.423,2.16.840.1.113883.4.642.3.412",LinkType,Link Type,"The type of link between this Patient resource and another Patient/RelatedPerson resource.","StructureDefinition/no-basis-Patient","hl7.fhir.r5.core"
http://hl7.org/fhir/ValueSet/list-empty-reason,5.0.0,draft,"2.16.840.1.113883.4.642.3.322,2.16.840.1.113883.4.642.3.313,2.16.840.1.113883.4.642.2.176",ListEmptyReasons,List Empty Reasons,"General reasons for a list to be empty. Reasons are either related to a summary list (i.e. problem or medication list) or to a workflow related list (i.e. consultation list).","StructureDefinition/no-basis-Composition","THO"
http://hl7.org/fhir/ValueSet/list-order,5.0.0,draft,"2.16.840.1.113883.4.642.3.315,2.16.840.1.113883.4.642.3.324,2.16.840.1.113883.4.642.2.177",ListOrderCodes,List Order Codes,"Base values for the order of the items in a list resource.","StructureDefinition/no-basis-Composition","THO"
http://hl7.org/fhir/ValueSet/location-characteristic,5.0.0,draft,"2.16.840.1.113883.4.642.3.3079",LocationCharacteristic,Location Characteristic,"Example Set of Location Characteristics","StructureDefinition/no-basis-Location","hl7.fhir.r5.core"
http://hl7.org/fhir/ValueSet/location-form,5.0.0,draft,"2.16.840.1.113883.4.642.3.328",LocationForm,Location Form,"This example value set defines a set of codes that can be used to indicate the physical form of the Location.","StructureDefinition/no-basis-Location","THO"
http://hl7.org/fhir/ValueSet/location-mode,5.0.0,draft,"2.16.840.1.113883.4.642.3.321,2.16.840.1.113883.4.642.2.181,2.16.840.1.113883.4.642.3.330",LocationMode,Location Mode,"Indicates whether a resource instance represents a specific location or a class of locations.","StructureDefinition/no-basis-Location","hl7.fhir.r5.core"
http://hl7.org/fhir/ValueSet/location-status,5.0.0,draft,"2.16.840.1.113883.4.642.3.323,2.16.840.1.113883.4.642.3.332,2.16.840.1.113883.4.642.2.182",LocationStatus,Location Status,"Indicates whether the location is still in use.","StructureDefinition/no-basis-Location","hl7.fhir.r5.core"
http://hl7.org/fhir/ValueSet/marital-status,5.0.0,active,"2.16.840.1.113883.4.642.3.29",MaritalStatusCodes,Marital Status Codes,"This value set defines the set of codes that can be used to indicate the marital status of a person.","StructureDefinition/derived-Person,StructureDefinition/no-basis-Patient,StructureDefinition/no-basis-Person","THO (V3)"
http://hl7.org/fhir/ValueSet/medication-codes,5.0.0,draft,"2.16.840.1.113883.4.642.3.375,2.16.840.1.113883.4.642.2.199,2.16.840.1.113883.4.642.3.360",SNOMEDCTMedicationCodes,SNOMED CT Medication Codes,"This value set includes all drug or medicament substance codes and all pharmaceutical/biologic products from SNOMED CT - provided as an exemplar value set.","StructureDefinition/no-basis-MedicationStatement,StructureDefinition/no-basis-Medication","SCT"
http://hl7.org/fhir/ValueSet/medication-form-codes,5.0.0,draft,"2.16.840.1.113883.4.642.3.359,2.16.840.1.113883.4.642.2.198,2.16.840.1.113883.4.642.3.374",SNOMEDCTFormCodes,SNOMED CT Form Codes,"This value set includes all dose form codes from SNOMED CT - provided as an exemplar.","StructureDefinition/no-basis-Medication","SCT"
http://hl7.org/fhir/ValueSet/medication-ingredientstrength,5.0.0,draft,"2.16.840.1.113883.4.642.3.1953",MedicationIngredientStrengthCodes,Medication Ingredient Strength Codes,"Medication Ingredient Strength Codes","StructureDefinition/no-basis-Medication","hl7.fhir.r5.core"
http://hl7.org/fhir/ValueSet/medication-statement-adherence,5.0.0,draft,"2.16.840.1.113883.4.642.3.3090",MedicationStatementAdherenceCodes,MedicationStatement Adherence Codes,"MedicationStatement Adherence Codes","StructureDefinition/no-basis-MedicationStatement","hl7.fhir.r5.core"
http://hl7.org/fhir/ValueSet/medication-statement-status,5.0.0,draft,"2.16.840.1.113883.4.642.3.3088",MedicationStatementStatusCodes,MedicationStatement Status Codes,"MedicationStatement Status Codes","StructureDefinition/no-basis-MedicationStatement","hl7.fhir.r5.core"
http://hl7.org/fhir/ValueSet/medication-status,5.0.0,draft,"2.16.840.1.113883.4.642.3.376,2.16.840.1.113883.4.642.3.363",MedicationStatusCodes,Medication Status Codes,"Medication Status Codes","StructureDefinition/no-basis-Medication","hl7.fhir.r5.core"
http://hl7.org/fhir/ValueSet/medicationrequest-admin-location,5.0.0,draft,"2.16.840.1.113883.4.642.3.3242",MedicationRequestAdministrationLocationCodes,medicationRequest Administration Location Codes,"MedicationRequest Administration Location Codes","StructureDefinition/no-basis-MedicationStatement","THO"
http://hl7.org/fhir/ValueSet/name-use,5.0.0,active,"2.16.840.1.113883.4.642.3.65",NameUse,NameUse,"The use of a human name.","StructureDefinition/no-basis-HumanName","hl7.fhir.r5.core"
http://hl7.org/fhir/ValueSet/organization-type,5.0.0,draft,"2.16.840.1.113883.4.642.2.228,2.16.840.1.113883.4.642.3.414,2.16.840.1.113883.4.642.3.403",OrganizationType,Organization Type,"This example value set defines a set of codes that can be used to indicate a type of organization.","StructureDefinition/no-basis-Organization","THO"
http://hl7.org/fhir/ValueSet/participation-role-type,5.0.0,draft,"2.16.840.1.113883.4.642.3.54",ParticipationRoleType,Participation Role Type,"This FHIR value set is comprised of Actor participation Type codes, which can be used to value FHIR agents, actors, and other role elements. The codes are intended to express how the agent participated in some activity. Sometimes refered to the agent functional-role relative to the activity.","StructureDefinition/no-basis-AllergyIntolerance","THO,DICOM"
http://hl7.org/fhir/ValueSet/participationstatus,5.0.0,draft,"2.16.840.1.113883.4.642.3.486,2.16.840.1.113883.4.642.3.479,2.16.840.1.113883.4.642.2.285",ParticipationStatus,Participation Status,"The Participation status of an appointment.","StructureDefinition/no-basis-Appointment","hl7.fhir.r5.core"
http://hl7.org/fhir/ValueSet/patient-contactrelationship,5.0.0,active,"2.16.840.1.113883.4.642.3.1130",PatientContactRelationship,Patient Contact Relationship ,"The nature of the relationship between the patient and the contact person.","StructureDefinition/no-basis-Patient","THO (V2)"
http://hl7.org/fhir/ValueSet/performer-role,5.0.0,draft,"2.16.840.1.113883.4.642.3.433,2.16.840.1.113883.4.642.2.420,2.16.840.1.113883.4.642.3.424",ProcedurePerformerRoleCodes,Procedure Performer Role Codes,"This example value set defines the set of codes that can be used to indicate a role of a procedure performer.","StructureDefinition/no-basis-Procedure","SCT"
http://hl7.org/fhir/ValueSet/practitioner-role,5.0.0,draft,"2.16.840.1.113883.4.642.3.430,2.16.840.1.113883.4.642.2.251,2.16.840.1.113883.4.642.3.439",PractitionerRole,Practitioner Role,"This example value set defines a set of codes that can be used to indicate the role of a Practitioner.","StructureDefinition/no-basis-PractitionerRole","SCT,THO"
http://hl7.org/fhir/ValueSet/procedure-category,5.0.0,draft,"2.16.840.1.113883.4.642.3.421,2.16.840.1.113883.4.642.3.430,2.16.840.1.113883.4.642.2.241",ProcedureCategoryCodesSNOMEDCT,Procedure Category Codes (SNOMED CT),"Procedure Category code: A selection of relevant SNOMED CT codes.","StructureDefinition/no-basis-Procedure","SCT"
http://hl7.org/fhir/ValueSet/procedure-code,5.0.0,draft,"2.16.840.1.113883.4.642.3.418,2.16.840.1.113883.4.642.3.427,2.16.840.1.113883.4.642.2.417",ProcedureCodesSNOMEDCT,Procedure Codes (SNOMED CT),"Procedure Code: All SNOMED CT procedure codes.","StructureDefinition/no-basis-Procedure","SCT"
http://hl7.org/fhir/ValueSet/procedure-followup,5.0.0,draft,"2.16.840.1.113883.4.642.3.420,2.16.840.1.113883.4.642.3.429,2.16.840.1.113883.4.642.2.240",ProcedureFollowUpCodesSNOMEDCT,Procedure Follow up Codes (SNOMED CT),"Procedure follow up codes: A selection of SNOMED CT codes relevant to procedure follow up.","StructureDefinition/no-basis-Procedure","SCT"
http://hl7.org/fhir/ValueSet/procedure-not-performed-reason,5.0.0,active,"2.16.840.1.113883.4.642.3.422,2.16.840.1.113883.4.642.3.431,2.16.840.1.113883.4.642.2.418",ProcedureNotPerformedReasonSNOMEDCT,Procedure Not Performed Reason (SNOMED-CT),"Situation codes describing the reason that a procedure, which might otherwise be expected, was not performed, or a procedure that was started and was not completed. Consists of SNOMED CT codes, children of procedure contraindicated (183932001), procedure discontinued (416406003), procedure not done (416237000), procedure not indicated (428119001), procedure not offered (416064006), procedure not wanted (416432009), procedure refused (183944003), and procedure stopped (394908001) as well as 410536001 Contraindicated (qualifier value).","StructureDefinition/no-basis-Procedure","SCT"
http://hl7.org/fhir/ValueSet/procedure-outcome,5.0.0,draft,"2.16.840.1.113883.4.642.2.239,2.16.840.1.113883.4.642.3.419,2.16.840.1.113883.4.642.3.428",ProcedureOutcomeCodesSNOMEDCT,Procedure Outcome Codes (SNOMED CT),"Procedure Outcome code: A selection of relevant SNOMED CT codes.","StructureDefinition/no-basis-Procedure","SCT"
http://hl7.org/fhir/ValueSet/procedure-reason,5.0.0,draft,"2.16.840.1.113883.4.642.3.432,2.16.840.1.113883.4.642.3.423,2.16.840.1.113883.4.642.2.419",ProcedureReasonCodes,Procedure Reason Codes,"This example value set defines the set of codes that can be used to indicate a reason for a procedure.","StructureDefinition/no-basis-Procedure","SCT"
http://hl7.org/fhir/ValueSet/program,5.0.0,draft,"2.16.840.1.113883.4.642.3.1383",Program,Program,"This value set defines an example set of codes that could be can be used to classify groupings of service-types/specialties.","StructureDefinition/no-basis-HealthcareService","THO"
http://hl7.org/fhir/ValueSet/reaction-event-severity,5.0.0,draft,"2.16.840.1.113883.4.642.3.135,2.16.840.1.113883.4.642.3.125,2.16.840.1.113883.4.642.2.56",AllergyIntoleranceSeverity,Allergy Intolerance Severity,"Clinical assessment of the severity of a reaction event as a whole, potentially considering multiple different manifestations.","StructureDefinition/no-basis-AllergyIntolerance","hl7.fhir.r5.core"
http://hl7.org/fhir/ValueSet/reason-medication-status-codes,5.0.0,draft,"2.16.840.1.113883.4.642.3.369",SNOMEDCTDrugTherapyStatusCodes,SNOMED CT Drug Therapy Status codes ,"This value set includes some taken and not taken reason codes from SNOMED CT - provided as an exemplar","StructureDefinition/no-basis-MedicationStatement","SCT"
http://hl7.org/fhir/ValueSet/referenced-item-category,5.0.0,active,"2.16.840.1.113883.4.642.3.3275",ReferencedItemCategoryValueSet,Referenced Item Category Value Set,"This is the code specifying the high-level kind of document (e.g. Prescription, Discharge Summary, Report, etc.). Made up of a set of non-healthcare specific codes and all LOINC codes where scale type = 'DOC'.","StructureDefinition/no-basis-Composition,StructureDefinition/no-basis-DocumentReference","LOINC,THO"
http://hl7.org/fhir/ValueSet/relatedperson-relationshiptype,5.0.0,draft,"2.16.840.1.113883.4.642.2.259,2.16.840.1.113883.4.642.3.442,2.16.840.1.113883.4.642.3.449",PatientRelationshipType,Patient Relationship Type,"A set of codes that can be used to indicate the relationship between a Patient and a Related Person.","StructureDefinition/no-basis-RelatedPerson","THO (V3),THO (V2)"
http://hl7.org/fhir/ValueSet/resource-types,5.0.0,active,"2.16.840.1.113883.4.642.3.27",ResourceType,Resource Types,"Concrete FHIR Resource Types","StructureDefinition/no-basis-HealthcareService","hl7.fhir.r5.core"
http://hl7.org/fhir/ValueSet/route-codes,5.0.0,draft,"2.16.840.1.113883.4.642.3.98",SNOMEDCTRouteCodes,SNOMED CT Route Codes,"This value set includes all Route codes from SNOMED CT - provided as an exemplar.","StructureDefinition/no-basis-AllergyIntolerance","SCT"
http://hl7.org/fhir/ValueSet/security-label-examples,5.0.0,draft,"2.16.840.1.113883.4.642.3.3011",SecurityLabelExamples,Example set of Security Labels,"A sample of security labels from [Healthcare Privacy and Security Classification System](security-labels.html#hcs) as the combination of data and event codes.","StructureDefinition/no-basis-DocumentReference",
http://hl7.org/fhir/ValueSet/service-category,5.0.0,draft,"2.16.840.1.113883.4.642.3.510,2.16.840.1.113883.4.642.3.516",ServiceCategory,Service Category,"This value set defines an example set of codes that can be used to classify groupings of service-types/specialties.","StructureDefinition/no-basis-Appointment","THO"
http://hl7.org/fhir/ValueSet/service-mode,5.0.0,draft,"2.16.840.1.113883.4.642.4.3322",ServiceMode,Service Mode,"An example set of Service Modes that could be applicable to use to characterize HealthcareServices or PractitionerRoles while searching","StructureDefinition/no-basis-PractitionerRole,StructureDefinition/no-basis-HealthcareService","hl7.fhir.r5.core"
http://hl7.org/fhir/ValueSet/service-provision-conditions,5.0.0,draft,"2.16.840.1.113883.4.642.2.303,2.16.840.1.113883.4.642.3.514,2.16.840.1.113883.4.642.3.508",ServiceProvisionConditions,Service Provision Conditions,"The code(s) that detail the conditions under which the healthcare service is available/offered.","StructureDefinition/no-basis-HealthcareService","THO"
http://hl7.org/fhir/ValueSet/service-referral-method,5.0.0,draft,"2.16.840.1.113883.4.642.3.510,2.16.840.1.113883.4.642.2.301,2.16.840.1.113883.4.642.3.504",ReferralMethod,Referral Method,"The methods of referral can be used when referring to a specific HealthcareService resource.","StructureDefinition/no-basis-HealthcareService","THO"
http://hl7.org/fhir/ValueSet/service-type,5.0.0,draft,"2.16.840.1.113883.4.642.3.512,2.16.840.1.113883.4.642.3.518",ServiceType,Service Type,"This value set defines an example set of codes of service-types.","StructureDefinition/no-basis-Appointment,StructureDefinition/no-basis-HealthcareService","THO"
http://hl7.org/fhir/ValueSet/substance-category,5.0.0,draft,"2.16.840.1.113883.4.642.3.476,2.16.840.1.113883.4.642.3.469,2.16.840.1.113883.4.642.2.279",SubstanceCategoryCodes,Substance Category Codes,"Substance category codes","StructureDefinition/no-basis-Substance","THO"
http://hl7.org/fhir/ValueSet/substance-code,5.0.0,draft,"2.16.840.1.113883.4.642.3.466,2.16.840.1.113883.4.642.2.57,2.16.840.1.113883.4.642.3.473",SubstanceCode,Substance Code,"This value set contains concept codes for specific substances. It includes codes from [SNOMED](http://snomed.info/sct) where concept is-a 105590001 (Substance (substance))","StructureDefinition/no-basis-AllergyIntolerance,StructureDefinition/no-basis-Substance","SCT"
http://hl7.org/fhir/ValueSet/substance-status,5.0.0,draft,"2.16.840.1.113883.4.642.3.474,2.16.840.1.113883.4.642.3.467",FHIRSubstanceStatus,FHIRSubstanceStatus,"A code to indicate if the substance is actively used.","StructureDefinition/no-basis-Substance","hl7.fhir.r5.core"
http://hl7.org/fhir/ValueSet/timezones,5.0.0,draft,"2.16.840.1.113883.4.642.3.1036",IANATimezones,IANA Timezones,"An IANA timezone code for  the timezone offset per [BCP 175](https://www.iana.org/go/rfc6557). The offset is specified as part of a dateTime/instant (or using the tzOffset extension on a date if necessary). The timezone code may also be provided to allow for human display of the location associated with the offset. These are codes like 'America/New_York' or 'America/Los_Angeles'. See [IANA Timezones](https://www.iana.org/time-zones) for the official source, and [Wikipedia](https://en.wikipedia.org/wiki/List_of_tz_database_time_zones) for information","StructureDefinition/no-basis-Appointment","Other"
http://hl7.org/fhir/ValueSet/week-of-month,5.0.0,draft,"2.16.840.1.113883.4.642.3.2994",WeekOfMonth,Week Of Month,"The set of weeks in a month.","StructureDefinition/no-basis-Appointment","hl7.fhir.r5.core"
http://terminology.hl7.org/ValueSet/contactentity-type,2.0.0,active,"2.16.840.1.113883.4.642.3.416",ContactEntityType,Contact entity type,"This example value set defines a set of codes that can be used to indicate the purpose for which you would contact a contact party.","StructureDefinition/no-basis-Organization","THO"
http://terminology.hl7.org/ValueSet/v2-0116,3.0.0,active,"2.16.840.1.113883.21.51",Hl7VSBedStatus,hl7VS-bedStatus,"Value Set of codes that specify the state of a bed in an inpatient setting, and is used to determine if a patient may be assigned to it or not.","StructureDefinition/no-basis-Location","THO (V2)"
http://terminology.hl7.org/ValueSet/v2-0276,3.0.0,active,"2.16.840.1.113883.21.181",Hl7VSAppointmentReasonCodes,hl7VS-appointmentReasonCodes,"Value Set of codes that describe the kind of appointment or the reason why an appointment has been scheduled.","StructureDefinition/no-basis-Appointment","THO (V2)"
http://terminology.hl7.org/ValueSet/v2-0360,3.0.0,active,"2.16.840.1.113883.21.236",Hl7VSDegreeLicenseCertificate,hl7VS-degreeLicenseCertificate,"Concepts specifying an educational degree (e.g., MD).  Used in the CNN datatype (names and identifiers of clinicians) in Version 2 messaging.  Used in Version 2 messaging; note that in releases of HL7 prior to 2.3.1, was also used in person names (XPN), but this use was deprecated, then withdrawn in 2.7.","StructureDefinition/no-basis-Practitioner","THO (V2)"
http://terminology.hl7.org/ValueSet/v3-ActCode,3.0.0,active,,ActCode,v3 Code System ActCode,"A code specifying the particular kind of Act that the Act-instance represents within its class.  Constraints:  The kind of Act (e.g. physical examination, serum potassium, inpatient encounter, charge financial transaction, etc.) is specified with a code from one of several, typically external, coding systems.  The coding system will depend on the class of Act, such as LOINC for observations, etc. Conceptually, the Act.code must be a specialization of the Act.classCode. This is why the structure of ActClass domain should be reflected in the superstructure of the ActCode domain and then individual codes or externally referenced vocabularies subordinated under these domains that reflect the ActClass structure. Act.classCode and Act.code are not modifiers of each other but the Act.code concept should really imply the Act.classCode concept. For a negative example, it is not appropriate to use an Act.code ""potassium"" together with and Act.classCode for ""laboratory observation"" to somehow mean ""potassium laboratory observation"" and then use the same Act.code for ""potassium"" together with Act.classCode for ""medication"" to mean ""substitution of potassium"". This mutually modifying use of Act.code and Act.classCode is not permitted.","StructureDefinition/no-basis-Composition,StructureDefinition/no-basis-DocumentReference","THO (V3)"
http://terminology.hl7.org/ValueSet/v3-ActPriority,3.0.0,active,"2.16.840.1.113883.1.11.16866",ActPriority,ActPriority,"A code or set of codes (e.g., for routine, emergency,) specifying the urgency under which the Act happened, can happen, is happening, is intended to happen, or is requested/demanded to happen.    *Discussion:* This attribute is used in orders to indicate the ordered priority, and in event documentation it indicates the actual priority used to perform the act. In definition mood it indicates the available priorities.","StructureDefinition/no-basis-Appointment","THO (V3)"
http://terminology.hl7.org/ValueSet/v3-HL7FormatCodes,2.1.0,active,"2.16.840.1.113883.11.19752",HL7FormatCodes,HL7 ValueSet of Format Codes for use with Document Sharing,"The HL7-FormatCodes value set is defined to be the set of FormatCode(s) defined by implementation guides published by HL7 and other SDOs. The use of a formatCode from the FormatCodes value set specifies the technical format that a document conforms to. The formatCode is a further specialization more detailed than the mime-type. The formatCode provides sufficient information to allow any potential document content consumer to know if it can process and/or display the content of the document based on the document encoding, structure and template conformance indicated by the formatCode. The set of formatCodes is intended to be extensible. The Content Logical Description is defined intentionally to permit formatCodes defined by other Standards Development Organizations to be added by inclusion of additional formatCode Code Systems.","StructureDefinition/no-basis-DocumentReference","THO (V3),Other"
